x1,x2,y,group_id
-0.23139221593737602,-0.23200996546074748,1,1
0.35232810163870454,0.4954118491150439,0,1
-0.4614124405197799,0.3915819958783686,1,1
-0.06149811530485749,-0.8032164559699595,1,1
-0.6563998353667557,0.22306358674541116,1,1
-0.26162107521668077,-0.9581494922749698,1,1
0.45081054512411356,0.2994244983419776,1,1
-0.027701791375875473,0.9567561405710876,1,1
-0.8723950665444136,0.6850089184008539,1,1
0.5690924599766731,0.6855716840364039,1,1
-0.1633567283861339,-0.2250956748612225,1,1
0.9620361695997417,0.5861422042362392,1,1
-0.4342320882715285,-0.18760688183829188,0,1
0.6957642990164459,-0.49330218974500895,0,1
-0.8355215382762253,-0.16139202192425728,1,1
0.7729175011627376,-0.009000934194773436,0,2
-0.05613853828981519,0.7164919138886034,1,2
-0.7817980730906129,0.4645297070965171,0,2
-0.33344403095543385,0.9488569810055196,0,2
0.6748331384733319,-0.7998901805840433,1,2
-0.44630031660199165,0.6651816740632057,1,2
0.17407028283923864,-0.09889164427295327,1,2
0.6734645394608378,0.7009182716719806,0,2
-0.8576919520273805,0.13950308738276362,0,2
0.40555748669430614,0.9230850278399885,1,2
0.39764907443895936,0.9095014678314328,1,2
-0.07207523798570037,-0.4324409822002053,0,2
-0.1261377790942788,0.47921299561858177,1,2
0.12435357552021742,-0.8585148486308753,0,2
0.8569664526730776,0.8002390936017036,0,2
-0.5390671715140343,-0.7331588547676802,0,2
-0.5563724911771715,0.11177215538918972,0,2
-0.15956821339204907,0.2008160650730133,1,2
-0.332958388607949,-0.7340779220685363,0,2
0.72961510065943,0.018624674528837204,0,2
-0.6456109285354614,-0.26590018486604095,1,2
-0.013362542726099491,-0.9933909052051604,1,2
-0.14057326642796397,-0.9040402793325484,1,2
0.1285276859998703,0.7640969003550708,1,3
0.31232463102787733,0.6470340802334249,1,3
0.9571081255562603,-0.1739381980150938,1,4
-0.5356777030974627,0.8434664360247552,1,4
-0.5183768076822162,-0.045194133184850216,0,5
0.5936721679754555,-0.05001115286722779,0,5
0.663343430031091,0.3156721340492368,0,5
-0.7729845871217549,-0.6733590923249722,1,5
0.9266240326687694,-0.8096112576313317,1,5
-0.7053542006760836,0.7230295846238732,1,5
-0.7127461144700646,-0.5202416605316103,0,5
0.850459870416671,0.11080826399847865,1,5
0.014071205165237188,0.6988131902180612,1,6
-0.6902979658916593,-0.3007048387080431,1,6
-0.3033958957530558,0.9514771904796362,0,6
0.3196420515887439,0.738811060320586,1,6
-0.37645525112748146,0.50824810191988945,0,6
-0.2968531814403832,-0.5526531599462032,0,6
-0.7043085861951113,0.5396329308860004,0,6
0.31775521812960505,0.7494271686300635,1,6
-0.6298600709997118,-0.9124137838371098,0,6
0.9087562737986445,-0.6004785858094692,1,6
0.7956969840452075,0.7074847165495157,1,6
0.8873941088095307,0.30450825672596693,1,6
0.4473815024830401,0.7386640384793282,1,6
-0.25928586814552546,0.6272731749340892,1,6
0.5620350805111229,-0.2771047241985798,0,6
-0.9777009827084839,-0.8182083079591393,1,6
0.8806174243800342,0.14931058092042804,1,6
0.9874984524212778,0.3094608271494508,1,6
-0.2851885096170008,0.6444095526821911,0,6
0.4952701269648969,-0.08884896989911795,1,6
0.5858180476352572,0.9686577967368066,1,6
0.41171801276504993,0.5007967562414706,0,6
-0.04834992252290249,-0.73288862593472,1,6
-0.010690947994589806,-0.5696529746055603,0,6
-0.38389510242268443,0.6967590753920376,1,6
0.3900244925171137,-0.06931762909516692,0,6
0.6455866112373769,0.8315355805680156,1,6
-0.13056471850723028,0.8331154766492546,0,6
0.029465305618941784,0.6397091676481068,0,6
0.3260219353251159,0.13380231522023678,0,6
-0.7136668269522488,0.23095432249829173,1,6
-0.31102521251887083,0.5896005798131227,1,6
-0.1884728353470564,-0.12060690298676491,1,6
-0.8293779883533716,-0.1748254937119782,0,6
0.8651438564993441,0.13097057025879622,1,6
0.6767681334167719,-0.696704335976392,1,6
0.758866592310369,0.61492169089615345,1,6
0.8714249352924526,-0.00871726730838418,1,6
-0.855078733060509,-0.7189816338941455,1,6
-0.2424811189994216,-0.7794214417226613,1,6
0.07572984555736184,-0.7784178731963038,1,6
-0.7898997226729989,-0.99057144112885,1,6
0.6033754111267626,-0.5231912895105779,0,6
0.479283491615206,0.7576457583345473,1,6
-0.895701973233372,-0.8455626852810383,0,6
-0.03566085360944271,-0.7229228797368705,0,6
0.8410356813110411,-0.9049508501775563,1,6
-0.9169431421905756,-0.9321622531861067,0,6
-0.4120164019986987,0.8321780366823077,1,6
0.0017009745351970196,0.6804007878527045,1,6
0.21949787018820643,-0.6422571670264006,1,6
-0.47150190081447363,-0.009464109782129526,1,6
-0.15380278090015054,-0.38608294585719705,1,6
-0.2668727673590183,-0.45124607626348734,0,6
0.8850106447935104,-0.7435122891329229,1,6
-0.7525528697296977,-0.1412361734546721,1,6
-0.8599346415139735,0.3918899274431169,0,6
0.9286340759135783,-0.32987856306135654,1,7
-0.11497978353872895,0.4024928668513894,1,7
-0.2594552394002676,0.6810698295012116,1,7
-0.6595128397457302,0.7652640133164823,0,7
-0.8916191412135959,0.5331787001341581,0,7
0.31565613858401775,-0.3559447447769344,0,7
0.15632383339107037,-0.9157659844495356,0,7
0.9742035279050469,0.7854198445565999,1,7
0.20758480299264193,0.27621029037982225,0,7
-0.8701001624576747,0.10898623242974281,1,7
-0.6757818362675607,0.532659896183759,0,7
-0.04920415906235576,-0.8062774110585451,0,7
-0.9961343305185437,0.4960329751484096,1,7
-0.11708171386271715,0.7504359753802419,1,7
-0.47814052551984787,-0.9846628089435399,0,7
0.8768274909816682,0.8698339709080756,0,7
0.4316665674559772,-0.18606868386268616,0,7
-0.6738290432840586,0.5775267793796957,0,7
-0.047623963095247746,0.9522552490234375,0,7
0.3805134459398687,-0.33319490822032094,0,7
-0.07820964092388749,0.5744296419434249,0,7
0.9102934766560793,-0.8212781678885221,0,7
0.4250802448950708,-0.912600195966661,0,7
-0.20570413349196315,0.02986747631803155,1,7
-0.7645587758161128,-0.9038213449530303,0,8
-0.5197674538940191,-0.8216077447868884,0,8
0.7272611330263317,0.3766510430723429,1,8
-0.12804719666019082,-0.9303229325450957,1,8
-0.004263896029442549,-0.13817815110087395,1,8
0.3838553442619741,0.5185881024226546,1,8
0.5206265635788441,0.6635939092375338,1,8
-0.689197554718703,-0.23507496621459723,1,8
0.6989141860976815,0.2311096377670765,0,8
0.8936356380581856,-0.31002669921144843,0,8
0.1768383807502687,0.0645575481466949,1,9
0.004501630552113056,-0.4799817861057818,1,9
-0.6204401645809412,0.1457212446257472,1,9
-0.9963262835517526,0.8116933568380773,1,9
0.7551561244763434,0.13204375701025128,1,9
-0.7317773243412375,-0.8870263644494116,1,9
-0.9545175516977906,-0.7957725091837347,0,9
0.8782734121195972,-0.34331628819927573,1,9
-0.41410255432128906,0.9812010144814849,1,9
-0.6713468511588871,0.4287306787446141,1,9
-0.20179488835856318,-0.8420516322366893,1,9
-0.08084917580708861,0.22843289887532592,0,9
-0.13193830288946629,-0.013532654382288456,0,9
0.034019652754068375,-0.4618046903051436,0,9
0.6924915052950382,-0.413778274320066,1,9
-0.8896714271977544,-0.04944339953362942,1,9
0.10835412237793207,0.9281570925377309,1,9
0.3765504751354456,-0.15273579582571983,0,9
0.3161151073873043,0.6881941915489733,1,9
0.32668545050546527,0.9076547026634216,1,10
-0.05553159490227699,-0.4270529504865408,0,10
0.9390563322231174,0.08169879578053951,0,11
-0.19560587452724576,0.16275663580745459,0,11
0.6991042075678706,-0.4874262111261487,0,11
0.5132898148149252,0.75616793660447,0,11
0.06520243873819709,0.7646047752350569,0,11
0.7482993216253817,0.9746693694032729,0,11
-0.0657697687856853,-0.7967581977136433,0,11
-0.9837430892512202,0.23755000438541174,0,11
0.4555340092629194,0.4094675397500396,1,11
0.43317895755171776,-0.7028231383301318,0,11
-0.6251472579315305,0.7816211832687259,1,11
0.2921345536597073,-0.6746593997813761,0,11
0.08395855966955423,-0.7562670609913766,0,11
-0.32935848040506244,0.9551137145608664,0,11
0.275817446410656,0.25422053085640073,0,11
0.6584021276794374,-0.9616011399775743,1,11
0.41795039689168334,0.6583282891660929,0,11
-0.3028992982581258,0.9977549505420029,1,11
-0.7433442501351237,0.7361910324543715,1,11
-0.22384302224963903,-0.20617785025388002,0,11
0.8563550966791809,0.8724835650064051,1,11
0.6087815426290035,-0.3504542079754174,1,11
0.5173936141654849,0.9448951231315732,1,11
0.9144997778348625,0.1251969076693058,0,11
0.9878277573734522,0.15865807561203837,1,11
0.21288198931142688,0.6493807071819901,1,11
-0.9412456690333784,-0.6031110449694097,1,11
-0.3271092842333019,0.2379792700521648,0,12
-0.4446838265284896,-0.5508707701228559,1,12
-0.7656048997305334,-0.9495525397360325,0,12
-0.9135634819976985,0.5130102494731545,0,12
-0.2593804285861552,0.2763138893060386,0,12
-0.32624338241294026,-0.8842621739022434,1,12
-0.6526948930695653,0.347595626488328,0,12
0.243546559009701,0.38308954145759344,1,12
-0.20431274501606822,0.4904579194262624,1,12
0.9113515373319387,-0.7518762587569654,0,12
0.3066988862119615,-0.6976564265787601,0,12
-0.3425125665962696,-0.6451387493871152,1,12
-0.6057065729983151,-0.9822610644623637,0,12
-0.7693153503350914,0.26757728634402156,1,12
0.9919309574179351,-0.25449822982773185,0,12
-0.24144654953852296,-0.44455990195274353,0,13
0.12397618545219302,-0.6549829985015094,0,13
0.4654360353015363,-0.5925777172669768,1,13
0.7416111058555543,-0.5562582365237176,0,13
0.14434051932767034,-0.4931369908154011,0,13
-0.9779278580099344,-0.659804621245712,1,13
0.8126305225305259,0.8433535280637443,0,13
0.5413072630763054,-0.30937308305874467,1,13
-0.23499075323343277,-0.8297815816476941,1,13
-0.8119082222692668,-0.24436438968405128,0,13
-0.9006928321905434,0.08668703911826015,0,13
0.6423246362246573,0.5740218521095812,1,13
0.6586486087180674,-0.3593729445710778,1,13
0.30946575151756406,0.676077036652714,1,13
-0.7343443739227951,0.9969409704208374,0,13
-0.316380197647959,-0.5731140151619911,0,13
0.4627431579865515,-0.12540701730176806,1,13
0.8145828321576118,-0.2425400074571371,1,13
0.3923939988017082,0.9311534170992672,0,13
-0.516841555479914,0.2822330044582486,0,13
0.2882144572213292,0.6122706676833332,0,13
-0.438499572686851,0.8381243776530027,1,13
0.9152730414643884,-0.8827551039867103,0,13
-0.683208086527884,-0.04471428878605366,1,13
-0.16332201659679413,0.3937655766494572,1,14
-0.4959804052487016,-0.9106569811701775,0,14
-0.8112194645218551,0.5137086338363588,0,14
0.655435539316386,0.18334744963794947,1,14
0.0506110074929893,0.020280926022678614,1,14
0.3354952549561858,-0.09479646710678935,0,14
-0.18344448041170835,-0.9490360678173602,0,14
0.6851798067800701,0.9236872186884284,1,14
0.47461093589663506,0.9752548793330789,1,14
-0.30355119798332453,0.26871911622583866,1,14
0.8978763548657298,-0.148917306214571,1,14
0.2933583799749613,-0.4667481896467507,0,14
-0.9294444662518799,-0.8388610240072012,1,14
0.1928969114087522,-0.3397168731316924,0,14
-0.16936399694532156,0.7881002058275044,0,14
-0.8462059237062931,-0.3866496030241251,0,14
0.0560977584682405,-0.1951523176394403,1,14
0.9246666170656681,0.1475827950052917,0,14
0.4174801022745669,0.19397676875814795,1,14
0.10695140715688467,0.14003427512943745,1,14
-0.5140867820009589,-0.5638574240729213,1,14
0.5560850580222905,0.6402534889057279,0,14
0.30388188688084483,-0.9266884382814169,0,14
0.6604914078488946,0.2511656298302114,0,14
0.29710189485922456,-0.13304212363436818,0,14
-0.040328411385416985,-0.2861477229744196,1,14
-0.009871788788586855,0.5473352801054716,1,14
-0.24025481706485152,-0.6530959042720497,1,14
-0.09902912564575672,-0.01358205359429121,0,14
0.6285035009495914,0.47437781700864434,0,14
0.8575544515624642,0.022002045530825853,0,14
-0.7050379095599055,-0.04982616798952222,1,14
0.49964332999661565,0.17579988110810518,1,14
0.951314699370414,0.1450747586786747,0,14
0.949584926944226,0.30983548145741224,1,14
-0.2987488596700132,0.7302511115558445,1,14
-0.212101886048913,-0.2063072482123971,1,14
0.9019020181149244,0.9202323113568127,1,14
-0.7867033607326448,-0.2382454895414412,0,14
0.8695202330127358,-0.659823440015316,1,14
-0.3076758002862334,-0.5367902428843081,0,14
0.06612121174111962,0.89984041871503,1,14
0.07758859870955348,-0.8329836847260594,0,14
0.42943589948117733,-0.613911968190223,1,14
-0.18841899977996945,-0.850609409622848,1,14
-0.6944237174466252,0.21003201603889465,1,14
-0.3195344773121178,-0.568314207252115,0,14
0.25330969505012035,0.17597452132031322,0,14
-0.8852546433918178,-0.5422047935426235,0,14
0.7033352795988321,-0.21814964152872562,1,14
-0.5747093083336949,-0.30418817326426506,0,14
0.0789240556769073,0.8367588049732149,0,14
-0.7270248276181519,-0.7759217526763678,0,14
-0.3502697190269828,-0.49004771281033754,1,14
0.2421525875106454,-0.6267518601380289,0,14
-0.4880355028435588,0.49108704598620534,1,14
0.269751597661525,0.865937564522028,1,14
-0.02865578606724739,-0.01057621231302619,1,14
0.8763538333587348,0.28998736245557666,1,14
0.7150030741468072,-0.6483948263339698,1,14
-0.25823292462155223,0.20598929235711694,0,14
-0.3715963400900364,0.7755153318867087,1,14
0.6570687196217477,-0.01958119124174118,1,14
-0.09631697367876768,-0.9632328548468649,0,14
-0.36824317555874586,-0.6412184154614806,0,14
-0.8043829249218106,-0.40121772326529026,0,14
-0.8701989268884063,-0.4460718776099384,1,14
0.3789147329516709,-0.8767811511643231,0,14
0.3361012078821659,-0.2893573045730591,1,14
0.80909329559654,0.15407550800591707,0,14
-0.39661345910280943,0.07006311696022749,1,14
0.8656174093484879,0.20854566060006618,0,14
-0.5960339652374387,-0.027702043298631907,0,14
0.5847575119696558,-0.7367468639276922,1,14
-0.5507389823906124,0.9291400974616408,0,14
-0.9384868578054011,0.484923152718693,1,14
0.7240680824033916,-0.26632123067975044,1,14
0.3702150103636086,-0.6983494102023542,0,14
0.8841498191468418,-0.5461206533946097,1,14
0.35170752089470625,0.49023361783474684,0,14
0.6862402968108654,-0.898815244436264,1,14
-0.27621163008734584,0.1879865936934948,1,14
-0.2152682296000421,-0.6934987031854689,0,14
0.1353747951798141,0.5255614500492811,1,14
-0.8096957327798009,0.990562129765749,1,14
-0.612431856803596,-0.6520037786103785,0,14
0.17613278608769178,0.23826164519414306,1,14
0.5030083362944424,0.07596634794026613,0,14
0.7344775744713843,0.6365165244787931,0,15
-0.2564085256308317,-0.356506185606122,0,15
0.5976290991529822,0.16465387353673577,1,15
-0.8833712148480117,-0.8581352410838008,0,15
0.24687141878530383,0.14128802623599768,0,15
-0.28671718668192625,0.12135450122877955,0,15
0.17585586477071047,-0.13165812101215124,1,15
0.8275692840106785,0.9238975704647601,1,15
-0.6011156341992319,0.42254336876794696,1,15
-0.2618327522650361,-0.4830609359778464,1,15
0.34281665552407503,0.8513550753705204,1,15
0.5362891014665365,-0.15837667370215058,0,15
0.04449655208736658,0.632601491175592,1,15
0.6561500360257924,0.5093300952576101,1,15
0.054192389361560345,-0.1757133910432458,1,15
0.003509650006890297,0.028833664022386074,0,15
-0.1600533602759242,0.0845694369636476,0,15
-0.2754034334793687,0.9480486083775759,1,15
-0.7531421794556081,-0.852724090218544,0,15
-0.4036769410595298,0.5390076106414199,0,15
-0.44664702052250504,0.7451098184101284,0,15
0.5404507112689316,0.9797311690635979,1,16
0.5563626042567194,0.9302952880971134,1,16
-0.7124254386872053,0.27284263726323843,0,16
0.031052301172167063,-0.8692214121110737,0,16
0.194480970967561,-0.7431704900227487,0,16
0.01168604800477624,-0.014430439099669456,0,16
-0.22780073387548327,0.32648972049355507,1,16
-0.14780379831790924,-0.6212425725534558,1,16
-0.9764805305749178,-0.6448032134212554,0,16
0.8386635407805443,-0.7688793488778174,0,16
-0.8411206137388945,-0.686095199547708,1,16
0.014748509507626295,0.7148216990754008,1,16
0.6403432339429855,-0.15027893660590053,1,16
0.19679083628579974,0.7566833421587944,1,16
-0.15169294783845544,0.6496531278826296,1,16
0.11862054141238332,0.957639233674854,1,16
0.5781889441423118,0.26908603170886636,1,16
-0.6645694840699434,0.3830465520732105,1,16
0.9409034601412714,0.5843666787259281,1,16
-0.05299380328506231,-0.9316587089560926,1,16
0.8594864117912948,0.6399873620830476,1,17
0.80187854077667,0.3752723252400756,1,17
0.5017643757164478,-0.1364462161436677,1,17
0.3531375448219478,-0.5122484262101352,1,17
0.2960268915630877,-0.9837045939639211,0,17
-0.8535062605515122,-0.15778771322220564,1,17
-0.15288316318765283,0.5739138158969581,1,17
0.06164872832596302,0.19118424551561475,1,17
0.8854095246642828,0.9699261174537241,0,17
0.42444911878556013,0.05608691181987524,1,17
0.4489811509847641,0.046556835528463125,1,17
-0.059742764569818974,0.5728896097280085,1,17
-0.7594354883767664,-0.8245551814325154,0,17
0.56619534175843,-0.48777603870257735,1,17
-0.12368520582094789,-0.28679175954312086,0,17
-0.13708804035559297,-0.5018890840001404,1,17
-0.9450042420066893,-0.6499630245380104,1,17
-0.7068763142451644,0.14584416151046753,1,17
-0.15480968402698636,-0.03321370342746377,1,17
0.5342743485234678,0.6198979383334517,0,17
-0.9904671092517674,0.50103046791628,1,17
0.20719138300046325,-0.3051124047487974,1,17
0.8111545210704207,0.6137489685788751,1,17
0.4133230638690293,-0.4964715437963605,1,17
-0.4749256814830005,0.1859271079301834,1,17
0.7021524389274418,-0.6875685332342982,1,17
-0.33278896985575557,-0.6496806968934834,1,17
0.15656853513792157,-0.5472453981637955,1,17
-0.13445373950526118,0.5839265040121973,0,17
-0.8968093539588153,-0.22324704052880406,1,17
0.45960657577961683,0.8224440650083125,1,17
0.09634082857519388,-0.7563058976083994,0,17
0.5024439711123705,0.9756703139282763,0,17
-0.898457670584321,0.5105758411809802,0,17
0.4299324247986078,-0.3784483321942389,1,17
-0.4046110864728689,-0.9602692839689553,1,17
-0.43304558051750064,0.36456612264737487,0,17
0.6597542548552155,-0.12252786662429571,1,18
-0.8272092496044934,0.7674014107324183,0,18
-0.9146857620216906,-0.8515124288387597,0,18
-0.3025183822028339,-0.0926608880981803,1,18
0.08467202028259635,0.7760725412517786,1,18
0.21892172703519464,0.4003184833563864,1,18
-0.4572558030486107,-0.39076877757906914,0,18
-0.5895381360314786,0.16978160478174686,0,18
-0.23673570342361927,0.7409075400792062,0,18
-0.0548837692476809,-0.10695288144052029,1,18
0.6710358997806907,-0.32525392062962055,0,18
-0.7570570074021816,0.1338172173127532,0,18
0.35161624988541007,-0.16847003670409322,0,18
-0.006629560142755508,0.6653213296085596,0,19
0.8044754955917597,-0.6925848238170147,1,19
0.10252793366089463,0.31729808636009693,1,19
-0.742870646994561,-0.9979463620111346,0,19
-0.11598042864352465,-0.35909814294427633,1,19
-0.6154046072624624,0.9002657611854374,0,19
-0.13019875576719642,-0.9748949808999896,1,20
-0.5497331940568984,-0.8418184691108763,0,20
0.9221925642341375,-0.573423258960247,1,20
-0.1031450699083507,0.9896865179762244,1,20
0.5542899705469608,-0.015920824836939573,1,20
-0.6835604510270059,0.25526823615655303,0,20
0.7336171651259065,-0.9880773299373686,0,20
-0.5877087884582579,-0.42829200252890587,0,20
-0.6441006339155138,0.9729608343914151,1,20
-0.6702177072875202,0.5153846498578787,0,20
0.13053795462474227,-0.8634500182233751,0,20
0.45436204224824905,0.621527957264334,1,21
0.7518379781395197,-0.7542571858502924,0,21
0.4168487675487995,-0.18016327871009707,0,21
-0.045073578134179115,0.8550872905179858,1,21
0.6405599871650338,0.10841647861525416,1,21
-0.9667755784466863,-0.9714667713269591,0,21
0.992222202476114,0.9347305623814464,1,21
0.26978967152535915,0.5401310650631785,0,21
-0.14304923824965954,-0.8400951735675335,1,21
-0.9432141343131661,-0.2691603032872081,0,21
0.506665401160717,-0.0391469094902277,1,21
-0.5827320492826402,0.3515213839709759,0,21
0.9989108103327453,0.5728945014998317,0,21
0.8144983863458037,0.620116114616394,0,21
0.4249300635419786,-0.842644992750138,1,21
0.46186576783657074,-0.6621711179614067,0,21
-0.055024157743901014,-0.9265344119630754,0,21
0.7250213739462197,-0.5197153822518885,1,21
-0.6691697551868856,0.8243903638795018,1,21
0.24085585121065378,-0.9972730404697359,1,21
-0.41533721005544066,-0.5453991037793458,0,21
-0.08771653240546584,-0.6634741364978254,1,21
-0.9087215820327401,-0.7004749700427055,0,21
-0.644676495809108,0.29619432240724564,0,21
-0.8841358642093837,-0.028854901436716318,1,21
0.8888204670511186,0.386488638818264,1,21
-0.3145130514167249,-0.42066108668223023,1,21
0.03590114135295153,0.9573433194309473,1,21
0.2504906705580652,-0.4237473411485553,1,21
-0.525470292661339,0.051529042422771454,0,21
0.03224782878533006,-0.8443554607219994,0,21
0.6130836554802954,0.3571076705120504,1,21
-0.3034705310128629,-0.6361005669459701,0,21
0.7173749059438705,0.059608910232782364,1,21
-0.9311224776320159,0.603357657790184,0,21
0.9419942917302251,-0.3736256081610918,0,21
0.4902202724479139,0.3825468234717846,0,21
-0.4534895163960755,0.5460890452377498,0,21
0.3542122030630708,-0.47641273494809866,1,21
-0.3041050639003515,0.3575203060172498,0,21
0.894041043240577,0.9842865918762982,0,21
-0.3227524501271546,0.10297503974288702,1,21
-0.9365735920146108,0.8613689471967518,0,21
-0.2928284048102796,-0.5851913103833795,0,21
-0.22575282445177436,-0.5400819210335612,0,21
-0.28610567981377244,-0.03202682128176093,1,21
0.9199372120201588,-0.07788121234625578,0,21
-0.2325235903263092,0.5654427139088511,0,22
0.09267524210736156,-0.9987894678488374,0,22
0.8506469517014921,0.5012467601336539,0,22
0.8337190542370081,0.6614648750983179,0,22
-0.5145340142771602,-0.37065752735361457,1,22
0.4341816776432097,0.42406632006168365,1,22
-0.3021079283207655,-0.496576901525259,1,22
0.10856670141220093,-0.38130500353872776,1,22
0.48594482615590096,0.39190969429910183,0,22
0.6393966372124851,-0.15380870597437024,0,22
0.7393145300447941,0.7057804260402918,0,22
-0.9282697313465178,0.06879983330145478,0,22
-0.5599511931650341,0.09635503264144063,1,23
-0.2660535806789994,0.6910879570059478,1,23
-0.3886071159504354,-0.24594184011220932,0,23
0.45566091500222683,-0.6679126429371536,1,23
0.39945753244683146,-0.6215039426460862,1,23
0.8201218536123633,0.7137356321327388,1,24
0.6912052193656564,-0.32499353075399995,0,24
0.5570892803370953,0.550056470092386,0,24
-0.1983131435699761,-0.8618595958687365,1,24
0.15360931772738695,-0.5181014686822891,1,24
-0.8472811076790094,-0.5143963242881,1,24
0.7459497014060616,-0.2257740218192339,1,24
0.9125714711844921,0.7436100421473384,0,24
0.011062159668654203,0.934394096955657,0,24
0.8487327275797725,0.7338325418531895,0,24
-0.7309729345142841,-0.1245693969540298,1,24
-0.5225259936414659,-0.6161244157701731,1,25
-0.020074755884706974,-0.8354111909866333,1,25
-0.05187980644404888,0.16690327506512403,0,26
-0.13001168193295598,-0.8592770090326667,0,27
-0.9215020798146725,0.05532531160861254,0,27
0.28866203036159277,-0.055423429235816,1,27
0.43113440042361617,-0.9036172586493194,0,27
-0.2966665574349463,0.18908161530271173,0,27
0.8931134976446629,0.5825424301438034,1,27
0.4862130144611001,0.1977373673580587,0,27
-0.8984281593002379,-0.9441681415773928,1,27
0.9607295617461205,-0.20854673627763987,1,27
-0.5643550949171185,-0.7875120709650218,0,27
-0.9276079959236085,-0.9517772239632905,0,27
-0.47859226912260056,0.6817955356091261,0,28
0.44083157181739807,-0.3472001482732594,0,28
-0.5042116376571357,-0.41140470560640097,1,28
-0.5301684169098735,0.6457959595136344,1,28
-0.9579763142392039,-0.17130515072494745,1,28
-0.4707587445154786,-0.9796575540676713,0,28
0.383603238966316,-0.8951832228340209,0,28
-0.9306612177751958,0.46074076276272535,0,28
-0.8744277409277856,-0.8532101060263813,1,28
-0.20458781626075506,-0.8592867469415069,0,28
-0.019943150226026773,0.27434393437579274,1,28
0.26209749514237046,-0.1733882580883801,0,28
0.4468086245469749,-0.13856433844193816,0,28
-0.8464684151113033,-0.8395072589628398,1,28
-0.15710783889517188,-0.4457666426897049,0,28
0.9474533717148006,0.5881420378573239,0,28
0.6276115668006241,-0.8178050685673952,0,28
-0.5524645540863276,-0.4466356448829174,0,28
-0.02051538834348321,-0.7274890835396945,1,28
-0.9773196140304208,0.3269521901383996,0,28
-0.4827954061329365,0.9582600449211895,0,28
-0.0908024562522769,-0.5763773312792182,1,28
0.4819533764384687,-0.25594603130593896,1,28
0.9813200235366821,-0.7632705667056143,0,28
-0.33559010783210397,0.5610722946003079,0,28
0.8895828109234571,-0.8688435726799071,1,28
0.9237068397924304,0.5675501846708357,0,28
0.7985549992881715,-0.7522955760359764,1,28
-0.01456832978874445,0.5546833449043334,0,28
0.5698709557764232,-0.2773018544539809,0,28
0.6062380941584706,0.2318600215949118,0,28
0.3555352473631501,0.8340854584239423,1,28
0.16255515720695257,-0.7895598001778126,0,28
-0.3386638252995908,0.4310915879905224,0,28
-0.9973706868477166,-0.6872668890282512,0,28
-0.8683960717171431,-0.4768485575914383,0,28
-0.8280961653217673,0.5475827353075147,1,28
-0.9737805663608015,0.1895181410945952,1,28
-0.3285087514668703,-0.8092465666122735,0,28
-0.7614713669754565,-0.683064132463187,0,28
0.1871908907778561,0.40218142978847027,1,28
-0.9253746485337615,-0.4616345474496484,0,28
-0.9808564162813127,-0.4063398726284504,0,28
-0.6768077481538057,0.12533058458939195,0,28
0.663797976449132,-0.30964697524905205,0,28
0.5336855086497962,0.992726621683687,1,28
-0.45443936716765165,-0.5702207437716424,1,28
-0.6236734022386372,0.1814943952485919,0,28
-0.5484763304702938,-0.1820179051719606,1,28
-0.8760592648759484,0.07985785510390997,0,28
-0.8801995180547237,0.6196137550286949,0,28
-0.7036882592365146,-0.9786937134340405,0,28
-0.8540242281742394,0.3499791123904288,0,28
-0.9142282162792981,0.7603631080128253,0,28
0.04492254462093115,-0.18382246838882565,0,28
0.5784629788249731,0.7881042691878974,0,28
0.38950669625774026,0.6157026276923716,0,28
-0.8668479053303599,-0.8954631546512246,1,28
-0.9640845069661736,0.9022789387963712,1,28
-0.11568315327167511,-0.002119296696037054,0,28
-0.684795833658427,-0.005081632640212774,1,28
0.43772023171186447,-0.597555979155004,0,28
0.40788366505876184,0.3619946385733783,1,28
0.7704526097513735,0.094608367420732975,0,28
-0.34947796957567334,0.21915548061951995,1,28
0.9417631332762539,-0.38363400707021356,1,28
0.9696405325084925,-0.6718776705674827,0,28
-0.9216305646114051,0.6947994525544345,0,28
0.7871425761841238,-0.645858549978584,1,28
0.6447983025573194,0.17242145165801048,1,28
0.44848938565701246,0.945113099180162,1,28
-0.42215972440317273,0.0681986277922988,0,28
0.0038972091861069202,0.621832509059459,1,28
-0.143305997364223,0.3018130222335458,1,28
0.2200320321135223,0.5419622142799199,1,28
0.8522263481281698,-0.9308833694085479,1,28
-0.5197534845210612,0.1173205622471869,1,28
-0.4562363321892917,-0.7598252659663558,1,28
0.4700072929263115,0.3725992562249303,0,28
0.5030917460098863,0.8282513222657144,1,29
0.8611838417127728,0.12069952068850398,1,29
-0.07453945046290755,0.1511520897038281,0,29
0.7213823534548283,0.0335003100335598,1,29
-0.3759271609596908,0.31609716452658176,0,29
-0.5839219731278718,0.17679316038265824,0,29
0.8416549344547093,-0.8401508401148021,1,29
-0.8945262315683067,-0.6877274932339787,0,29
-0.1776891378685832,0.9701627348549664,1,29
-0.08731756964698434,0.9836595947854221,1,29
-0.16827950486913323,-0.4104876187629998,0,29
0.3407069034874439,0.5774249290116131,0,29
0.5138081600889564,0.37366213044151664,1,29
0.8233026289381087,-0.1983466730453074,1,29
0.6399041716940701,-0.20631772791966796,1,29
-0.8127002948895097,0.7748278812505305,0,29
-0.6441878373734653,0.6441561910323799,1,29
0.28442916041240096,-0.4695099205709994,0,29
0.7485659876838326,-0.637658251915127,0,29
0.18462670082226396,0.9129481348209083,1,29
-0.47513561556115746,0.6747996844351292,0,29
0.7675045281648636,-0.306694736238569,0,29
-0.624621307477355,0.6841728836297989,0,29
-0.022266035433858633,-0.9797396343201399,0,30
-0.9803590257652104,-0.5709161520935595,0,30
-0.27913191355764866,0.8274699584580958,1,30
-0.11567661818116903,-0.9026893097907305,0,30
-0.7485415572300553,0.7424618885852396,0,30
0.24872909532859921,0.3115760120563209,1,30
-0.39513733657076955,-0.5612562433816493,1,30
-0.5207255436107516,-0.9811257133260369,0,30
-0.28274047281593084,-0.8415710092522204,0,30
0.7858208250254393,0.5349017032422125,0,30
0.9812545301392674,-0.9334242879413068,0,30
0.46484239492565393,0.549904128536582,0,30
0.9855761765502393,-0.21208073990419507,1,30
0.07957872422412038,0.5696345171891153,1,30
-0.13239647634327412,-0.9333354085683823,1,30
0.9293473483994603,-0.26769684394821525,1,30
-0.7033607135526836,-0.5846231202594936,1,30
-0.8670138884335756,0.9318250752985477,0,30
-0.9514970239251852,0.12993201473727822,1,30
0.22484648367390037,-0.11776809627190232,0,31
0.39321749610826373,0.6077362331561744,1,31
0.6022837744094431,-0.6687334449961782,0,31
-0.7245394322089851,-0.58776287548244,0,31
-0.6804303545504808,-0.30282664485275745,0,31
0.9776671859435737,-0.0983701846562326,1,31
-0.20270860893651843,-0.7936465344391763,0,31
-0.6241763676516712,0.2012369236908853,1,31
-0.044543517753481865,-0.7988441842608154,0,31
0.08846804546192288,0.9143722183071077,1,31
-0.34368403861299157,0.16194887878373265,0,31
0.9998611873015761,-0.6622112398035824,0,31
0.055563671980053186,0.037142266519367695,0,31
-0.7325309836305678,-0.8913543205708265,0,31
-0.12291986448690295,-0.636250744573772,0,31
0.241587879601866,-0.9350510593503714,1,31
-0.5941751757636666,-0.17310319049283862,0,31
-0.7316604545339942,0.4216094631701708,1,31
0.5536679960787296,-0.12341156648471951,1,31
0.2718996973708272,-0.04793929820880294,0,31
-0.43572740675881505,-0.24059055699035525,1,31
-0.6174810878001153,0.5599366850219667,1,31
-0.4689265601336956,0.9231544062495232,1,31
0.06161758583039045,-0.11200317181646824,1,31
0.36972180800512433,-0.44684696197509766,0,31
-0.23343321261927485,0.30574988340958953,1,31
0.9099759967066348,0.5094480705447495,1,31
-0.763286838773638,0.17741276370361447,1,31
-0.9217998893000185,-0.2662038588896394,1,33
0.00901006581261754,0.01878205221146345,0,33
0.15696511045098305,-0.7115417728200555,0,33
0.6786078158766031,-0.4666909286752343,0,33
0.30888995062559843,-0.6523581747896969,1,33
0.8890566797927022,0.7930545904673636,1,33
0.023315259255468845,0.12468626536428928,1,34
-0.8301578816026449,-0.3150913640856743,0,34
0.9895410188473761,-0.43254063930362463,1,34
-0.1971117602661252,0.4950769664719701,1,34
0.7912925933487713,0.1257003895007074,1,34
0.7537168241105974,0.13077199086546898,1,34
-0.4070304040797055,0.2666636579670012,0,34
-0.7348161805421114,0.9251731839030981,1,34
-0.46817818470299244,0.5378824081271887,1,34
-0.988544914405793,0.523048353381455,0,34
0.6392036429606378,-0.694555704947561,0,34
-0.6506766420789063,-0.26440406404435635,1,34
0.6861611041240394,0.8272315883077681,1,34
-0.6665756665170193,-0.007299706339836121,0,34
0.5280388700775802,-0.9445305461995304,1,34
0.03787617478519678,-0.09972122916951776,0,34
-0.4546293932944536,-0.9456245638430119,0,34
-0.3135937284678221,-0.9634581408463418,0,34
0.4101506802253425,0.7439249577000737,1,34
0.18307060236111283,0.9103777785785496,1,34
-0.06124192476272583,0.7854768382385373,0,34
-0.3272467888891697,0.7126174583099782,0,34
0.9356748573482037,-0.7529338491149247,0,34
0.2916837674565613,-0.5566905224695802,0,34
-0.6073976615443826,0.3805443551391363,0,34
-0.285639229696244,0.2975442516617477,0,34
0.02603616425767541,-0.8171096155419946,1,35
0.7659934810362756,0.19113916950300336,1,35
-0.6946648694574833,0.8887564758770168,0,35
-0.5390768051147461,-0.7426846940070391,0,35
-0.6740228431299329,0.049403777811676264,1,36
0.22869371809065342,0.8637514160946012,1,36
0.003272887784987688,-0.11603586748242378,1,36
-0.6237622238695621,-0.19605677342042327,1,36
-0.18457029480487108,-0.26895499927923083,1,36
0.1647760937921703,0.14565995475277305,0,36
-0.3821418699808419,-0.7876651980914176,0,36
-0.038068719673901796,0.3144276640377939,0,36
0.8787895846180618,0.6009583156555891,1,36
-0.9079189035110176,-0.6798377218656242,1,36
0.06972345942631364,-0.0017003873363137245,1,36
-0.11467843549326062,-0.7222684542648494,1,36
0.8127309391275048,0.37719642044976354,1,36
0.7620847634971142,-0.03871614718809724,1,36
-0.6735177673399448,-0.5843742503784597,0,36
0.5043815313838422,0.4354426711797714,0,36
-0.1940255956724286,-0.333157857414335,1,36
0.11390538699924946,0.05885476805269718,1,36
-0.8396614361554384,0.18699749745428562,1,36
-0.766862815245986,0.5197780239395797,1,36
0.8503851224668324,-0.920608181040734,0,37
0.7576884813606739,0.2623599045909941,1,37
-0.673584746196866,-0.6593003892339766,1,37
0.06312780268490314,0.4145131716504693,1,37
0.8595843366347253,-0.47055545076727867,1,37
-0.3485680124722421,-0.8393551087938249,0,37
-0.6784107382409275,0.4264145391061902,1,38
0.8994158357381821,0.5016282442957163,1,38
-0.07528590271249413,-0.6595489489845932,0,38
-0.5584582253359258,-0.570355680771172,0,38
-0.9959615347906947,-0.7262894199229777,1,38
0.23838520655408502,-0.3585904259234667,1,38
-0.19498815573751926,0.3193066264502704,0,38
0.8000652212649584,-0.08350679324939847,1,38
0.011763968970626593,-0.5564323212020099,0,38
0.4529741620644927,-0.9006167687475681,0,38
-0.945026770234108,0.685934990644455,1,38
-0.241173573769629,-0.07928804634138942,1,38
-0.22651067562401295,-0.910661872010678,0,38
-0.32435854943469167,-0.33995978021994233,1,38
-0.27113629737868905,-0.29903595335781574,0,39
0.27751193940639496,-0.5275580026209354,1,39
-0.9341713450849056,-0.5813543475233018,0,39
0.3923851768486202,-0.42083006212487817,1,39
0.6311283493414521,-0.4003399135544896,1,39
0.01484570698812604,0.7870480078272521,1,39
-0.7748147482052445,0.5253212582319975,0,39
0.812646602280438,-0.79194126278162,1,39
-0.1733220936730504,0.5173390968702734,1,39
-0.052488424349576235,-0.1705324286594987,0,39
0.42742836009711027,-0.5579286469146609,0,39
-0.5162575789727271,-0.9865626003593206,1,39
-0.4007187448441982,-0.9394989148713648,1,39
0.40895764296874404,-0.4997963262721896,0,39
0.5433498960919678,-0.5590100414119661,0,39
-0.9723193189129233,-0.3838380165398121,0,40
0.10262790694832802,0.8177851676009595,0,40
0.3049223809503019,0.87700554728508,1,40
0.863321416079998,-0.016190790105611086,0,40
0.3807834102772176,-0.663959467317909,1,41
-0.49246572190895677,-0.6222108937799931,0,41
-0.17792325979098678,-0.6168895568698645,1,41
-0.7542177736759186,0.006963876076042652,0,41
-0.7360668885521591,-0.8377756923437119,0,41
0.28023601649329066,0.5893931011669338,1,41
-0.3071531355381012,0.14269446022808552,1,41
-0.15448679076507688,0.9378592143766582,1,41
0.8788177608512342,0.7515375376679003,1,41
-0.23222153820097446,0.41170632001012564,1,41
-0.5428297379985452,-0.7692906446754932,1,41
0.38055737176910043,-0.6780153051950037,0,41
-0.9802841651253402,-0.3296913309022784,0,41
0.37226178869605064,0.9772183708846569,1,41
0.5833491920493543,0.8281578850001097,0,41
0.014986977446824312,0.07019436033442616,1,41
-0.38384750206023455,-0.506212614942342,0,41
0.47442455450072885,0.8446936360560358,0,41
-0.39056951319798827,0.5069792340509593,1,41
0.5494174035266042,0.807014626916498,0,41
-0.7757727243006229,0.3030963120982051,1,41
0.5954873999580741,-0.9584416747093201,0,42
-0.01799766533076763,-0.8082419447600842,0,42
0.6658363495953381,0.899173928424716,0,42
0.5168463098816574,0.7763531771488488,0,42
0.804293121676892,-0.08753201737999916,0,42
-0.4431199738755822,0.5734877218492329,0,42
-0.10861430037766695,-0.5979464864358306,0,42
-0.4559685285203159,-0.37459359876811504,0,42
-0.3401633487083018,0.059523618780076504,1,42
0.7272013076581061,-0.6340011255815625,0,42
-0.7802840932272375,0.06481128232553601,1,42
-0.19548620050773025,-0.30377282854169607,1,42
-0.18784981267526746,0.020496323704719543,1,42
-0.12704149028286338,0.584391372743994,1,42
-0.6459998073987663,-0.1175788976252079,0,42
-0.46853959979489446,-0.42741551203653216,0,42
0.3191000269725919,0.8671206454746425,1,42
0.6321110096760094,-0.9390978706069291,0,42
-0.15763131063431501,0.6979712015017867,0,42
-0.679871391505003,-0.11363456072285771,1,42
-0.4227797454223037,0.2641504667699337,0,43
0.6042580166831613,0.5598287140019238,0,43
-0.6715086363255978,-0.439052174333483,1,43
0.5795854702591896,-0.7535918867215514,1,43
0.0484299398958683,0.78686637384817,1,43
-0.35992999467998743,-0.1880533960647881,1,43
-0.449645824264735,0.5102164610289037,1,43
0.6037960764952004,-0.7783654751256108,0,43
-0.7919511375948787,-0.3233813727274537,0,43
0.6762445331551135,0.09298638207837939,0,43
-0.8414742527529597,-0.3757359064184129,1,43
0.4351281342096627,-0.10541088599711657,0,43
0.7292356532998383,-0.1914378572255373,0,43
0.9571164161898196,-0.02687147818505764,1,43
-0.5017475849017501,-0.12166392942890525,0,43
-0.9502786193042994,-0.4662727457471192,0,43
-0.5540435360744596,0.30375567311421037,0,43
-0.7559490008279681,-0.5219010538421571,0,43
-0.22952115023508668,0.626631245482713,0,43
-0.8313390510156751,0.6164890066720545,0,43
-0.43483620043843985,0.17808949574828148,1,43
0.13316491758450866,0.08373371930792928,1,43
-0.34291539527475834,-0.9069047775119543,0,43
0.8869493654929101,-0.14828861877322197,0,43
-0.245392972137779,0.28127964260056615,0,43
0.9066312247887254,-0.9986873040907085,1,44
-0.45349426474422216,0.732776721008122,1,44
0.3746603121981025,-0.7979096588678658,1,44
-0.726016391068697,-0.8085205173119903,0,44
0.620421543251723,0.5544807421974838,1,44
0.5252093840390444,-0.9409771771170199,0,44
-0.11519033228978515,-0.3158562392927706,1,44
-0.08664861088618636,0.5726317479275167,1,44
0.36091017769649625,-0.773074948694557,1,44
-0.8512041820213199,-0.2994944858364761,0,44
0.2932581501081586,-0.3395722364075482,1,44
0.5798282232135534,0.39335333928465843,1,44
-0.5533669865690172,-0.2927713952958584,0,44
-0.9181120190769434,-0.1876418641768396,0,44
-0.23070327332243323,-0.38394020264968276,0,44
-0.3118156921118498,0.9184058690443635,1,44
-0.10726261558011174,0.38053770549595356,1,44
-0.22633366100490093,0.7714790226891637,1,44
0.8366358308121562,0.8717102790251374,1,44
-0.6519649131223559,0.4881598032079637,1,44
-0.7002588752657175,0.6768923136405647,1,44
0.2263984577730298,0.5987135670147836,0,44
-0.965513336006552,0.7872805846855044,0,44
-0.8677790313959122,0.6622740058228374,1,44
0.5576780829578638,-0.25849979743361473,1,44
0.8713122541084886,0.7439595316536725,1,45
-0.5855917208828032,0.6015231939963996,0,45
0.28668631380423903,-0.6454309127293527,0,45
-0.33724084962159395,-0.6734446142800152,1,45
0.9108431818895042,0.8889782107435167,1,45
0.6343783140182495,-0.11072479700669646,0,45
0.480552286375314,-0.8432148196734488,0,45
-0.5545880463905632,0.9711432484909892,0,45
-0.9085505669936538,-0.9683235632255673,0,45
-0.26694684149697423,-0.0102349859662354,1,45
0.4827860500663519,-0.14674751134589314,0,45
0.8670124998316169,-0.2398691326379776,0,46
0.3464198997244239,0.4738887664861977,0,46
0.40271421475335956,-0.4409232954494655,0,46
0.6952508157119155,0.31256774393841624,1,46
0.41231330996379256,0.5594522054307163,1,46
0.7176155191846192,0.4441050114110112,0,46
-0.10871101776137948,0.9648120887577534,0,47
0.3532699840143323,0.08664543414488435,0,47
-0.7443504347465932,0.31977567728608847,1,47
0.47234307043254375,-0.4499212773516774,1,47
-0.8655097032897174,-0.20611175056546926,1,47
-0.4383998606353998,0.11836915742605925,0,47
-0.1767646325752139,0.9619005909189582,1,47
0.8868499943055212,0.9299335521645844,0,47
0.9546850663609803,-0.5639202632009983,0,47
-0.9222668297588825,-0.2136582606472075,1,47
0.1754555543884635,0.7421689676120877,0,47
-0.9399766456335783,0.3831777269951999,1,47
0.13056241674348712,-0.32649692613631487,1,47
-0.8035455383360386,0.38096334785223007,0,47
0.26058157719671726,-0.6930995155125856,1,47
0.6370036690495908,0.7807976151816547,1,47
-0.29991667391732335,0.7768920576199889,0,47
-0.7320326501503587,-0.7239933051168919,0,47
-0.8381132432259619,-0.9281015680171549,1,47
-0.2991133714094758,-0.2899657003581524,0,47
0.9925435693003237,-0.24210784351453185,1,47
0.06593762151896954,0.22955339634791017,0,47
-0.32820523902773857,0.012378881219774485,1,47
-0.37153071304783225,-0.3240897338837385,0,47
-0.2347558792680502,-0.3417406938970089,1,47
-0.962907184381038,0.14659407688304782,1,48
-0.9269217662513256,-0.898579912725836,1,48
0.7570265880785882,-0.1980740251019597,0,48
-0.19587195245549083,-0.47873791260644794,1,48
-0.06123785162344575,-0.6626006322912872,0,48
-0.19532697973772883,-0.8805379886180162,1,48
0.4041802049614489,-0.8948357277549803,1,48
-0.20167106948792934,0.9455404956825078,0,48
0.003916645422577858,0.5892151803709567,1,48
-0.9260524986311793,-0.9366645966656506,1,48
-0.4040485303848982,0.08656961005181074,1,48
0.9256839635781944,-0.9648059331811965,0,48
0.8701938092708588,0.55333979614079,1,48
0.9221983547322452,0.5146029866300523,1,48
0.5851907283067703,-0.978903706651181,1,48
0.5095543856732547,0.6358281639404595,1,48
-0.868066739756614,0.7126917531713843,1,48
-0.7289904416538775,-0.155380604788661,1,48
-0.7528012488037348,0.26859141048043966,0,48
0.5250877216458321,-0.16384994890540838,1,49
0.8069314318709075,-0.35067129973322153,1,49
-0.1946818195283413,0.5315744518302381,1,49
-0.6348739843815565,0.4093110263347626,1,49
-0.25086956191807985,0.8381027141585946,0,49
0.012417354620993137,0.22027310263365507,1,49
0.8270053579472005,-0.8882902790792286,1,49
-0.8467096379026771,0.4723042701371014,0,49
-0.7805089522153139,0.807935836724937,0,49
0.5085344449616969,0.4036297597922385,0,49
-0.3908024486154318,0.15539901657029986,1,50
0.44761931290850043,0.13167850207537413,1,50
-0.535339942201972,-0.26564898807555437,0,50
-0.21308226604014635,0.11384341912344098,1,50
0.01575879380106926,0.7941803396679461,0,50
0.8798337308689952,-0.45553878555074334,1,50
-0.8842496587894857,0.6526663308031857,1,50
-0.39046859089285135,0.35199132515117526,1,50
-0.518151911906898,0.7987338183447719,0,50
-0.22959312982857227,-0.40668037300929427,0,50
0.5259667113423347,-0.22907116636633873,0,50
0.729293997399509,0.8106993539258838,1,50
0.35822243010625243,0.5623528212308884,1,50
0.35352541087195277,0.08510183542966843,0,50
-0.6698949611745775,0.23256037198007107,0,50
0.60573485866189,0.8514722320251167,1,50
0.4239868628792465,-0.3949831291101873,1,50
0.8574061780236661,-0.27352957241237164,1,50
-0.9850107901729643,0.9211219004355371,0,50
0.19266330683603883,-0.16084742918610573,1,50
-0.2665086383931339,0.12847900623455644,1,50
0.4839343107305467,0.6009526662528515,0,50
0.5241747810505331,-0.04361008247360587,0,50
-0.4785540816374123,0.7433270653709769,0,50
-0.49012823728844523,0.4031748492270708,1,50
0.3576816199347377,-0.7432667235843837,1,50
-0.029038675129413605,0.3032671296969056,0,50
-0.24283093959093094,0.5990167465060949,1,50
-0.8889040346257389,-0.5196696976199746,0,50
0.7980517968535423,0.7279906659387052,0,50
0.6034466275013983,-0.04241028567776084,1,50
-0.037973899859935045,-0.3405167683959007,1,50
-0.9357424816116691,0.9908512318506837,1,50
0.024013624526560307,0.5190844289027154,0,50
-0.25379745569080114,-0.05787008674815297,0,50
-0.002856630366295576,-0.4848312600515783,0,50
-0.20146852638572454,-0.23297754488885403,0,50
-0.9581061108037829,-0.4040927761234343,1,50
0.04857805697247386,0.5372525686398149,0,50
-0.6792023004963994,-0.1405190541408956,0,50
-0.5897715296596289,0.3119337963871658,0,51
0.9504534313455224,-0.5146862380206585,1,51
0.9327097502537072,-0.40963080059736967,1,51
0.5201406446285546,0.8598387236706913,0,51
-0.8472589356824756,-0.7210685284808278,0,51
0.0316477520391345,-0.03527764091268182,1,51
0.2006103890016675,0.6034514172933996,1,51
-0.12595181819051504,-0.3294037547893822,1,51
-0.9967154776677489,0.09460185561329126,0,52
-0.1288969637826085,-0.8987724725157022,1,52
0.0019275378435850143,0.3703696704469621,0,52
0.3392094122245908,0.05203313706442714,1,52
0.3897142135538161,-0.229197071865201,0,52
0.5650206287391484,-0.56384366331622,0,52
-0.7219543089158833,-0.9014879274182022,0,52
-0.6735086455009878,-0.3227922972291708,0,52
0.5190858202986419,0.05508568091318011,0,52
-0.11259276513010263,-0.279800932854414,1,52
0.25933766085654497,0.9831780740059912,0,52
-0.7909742793999612,-0.9072837741114199,0,52
0.671097794547677,-0.8561962121166289,1,52
-0.33210127614438534,0.35273446096107364,0,52
-0.6009616227820516,-0.6752807749435306,0,52
0.38909095292910933,0.16074758535251021,1,52
-0.668242474552244,-0.8184682922437787,0,52
-0.8520721923559904,0.31219832226634026,0,52
-0.9235276230610907,-0.284986833576113,1,52
0.6920404331758618,-0.5319490395486355,0,52
-0.2529036053456366,0.8328606719151139,1,52
0.761421394534409,-0.9388899994082749,1,52
-0.819364455062896,-0.12185191689059138,1,52
-0.008185177575796843,0.9473806424066424,1,52
0.5086454721167684,-0.2017183848656714,1,52
0.21178162610158324,0.839539731387049,1,52
0.05682559311389923,-0.802472248673439,0,52
0.8204133654944599,-0.35866597993299365,0,52
0.9714578078128397,0.05203812476247549,1,52
-0.44051487604156137,-0.853329150006175,1,52
-0.7530166106298566,0.699483503587544,0,52
-0.6512419120408595,-0.1538839819841087,0,52
0.7626705095171928,0.9761921460740268,0,52
-0.7507434557192028,-0.04225174244493246,0,52
-0.4020621906965971,0.8113880110904574,1,52
-0.6705307201482356,-0.9629881381988525,0,52
-0.8547809110023081,-0.6157123558223248,0,52
-0.5231720358133316,-0.23138595884665847,1,52
0.43333321064710617,-0.38512715185061097,1,52
0.2900419835932553,0.056582506746053696,1,52
-0.8482500668615103,0.45645136339589953,0,52
-0.6545821558684111,0.9071130687370896,0,52
-0.7086592842824757,-0.008011745754629374,1,52
-0.21619763132184744,-0.735965505708009,0,53
-0.5365098011679947,0.21693751122802496,0,53
0.12275964580476284,0.9837371590547264,1,53
0.16704037319868803,-0.8105806638486683,0,53
-0.8024813234806061,0.7905669142492115,0,53
-0.6821669172495604,-0.33027820475399494,0,53
0.8441308080218732,-0.05564306816086173,0,53
0.7188994381576777,-0.64576406031847,0,53
0.8143975068815053,-0.2966899434104562,0,53
-0.7694620871916413,-0.6468817689456046,0,53
-0.9289215318858624,0.30609155632555485,1,53
0.17150877509266138,-0.5277978456579149,0,53
-0.37166347028687596,0.7943280087783933,0,53
0.11377854831516743,-0.3217047839425504,1,53
-0.29100916907191277,0.8475922234356403,1,53
-0.7134633767418563,-0.004522294737398624,0,53
0.13427092554047704,0.13968275906518102,0,53
-0.3318026843480766,0.47355947783216834,1,53
-0.7591976188123226,-0.5703449598513544,0,53
-0.48829135159030557,-0.38937448477372527,0,53
-0.2932293671183288,0.7269997224211693,0,53
0.6626398586668074,-0.6085598915815353,0,53
0.5664478330872953,0.7018910031765699,1,53
0.8803044147789478,0.8939419155940413,0,53
0.6783980634063482,-0.4508777759037912,1,53
-0.7020299616269767,0.6797120990231633,1,53
0.18135217018425465,-0.7122884686104953,0,53
0.6479252013377845,0.5141007425263524,1,53
0.26377073070034385,-0.10774686885997653,0,53
-0.06014007702469826,0.9108635527081788,1,53
-0.482518192846328,0.2706501209177077,1,53
-0.950839298311621,-0.671798026189208,1,53
-0.34238374466076493,-0.18606112943962216,1,53
-0.5502930311486125,0.9595200535841286,1,53
0.754663678817451,-0.7061218824237585,1,53
0.35530840139836073,0.7799703697673976,0,53
0.051866607274860144,-0.6065930249169469,0,53
0.11537332786247134,0.24117414373904467,1,53
-0.5050566531717777,0.5850819861516356,0,53
-0.9854064583778381,0.4675910733640194,0,53
0.8978128703311086,0.503440679050982,0,53
0.4383002771064639,0.048912718426436186,0,53
-0.44135091081261635,0.2599032470025122,1,53
0.4875657120719552,-0.08824551058933139,1,53
0.7414968018420041,-0.4919903399422765,0,53
-0.2392597496509552,-0.8850280130282044,0,53
0.4388950318098068,-0.12939360411837697,1,53
-0.5207865792326629,0.5422699609771371,0,53
0.29552974831312895,-0.7416891078464687,0,53
0.95134152146056294,0.9678325257264078,0,53
-0.24400238413363695,0.6283538658171892,0,53
-0.07171174278482795,0.9633618020452559,1,53
0.6245925915427506,-0.9273206195794046,0,53
-0.011183773633092642,0.13482811860740185,1,53
-0.8993819546885788,-0.19656345946714282,1,53
-0.7387565188109875,-0.08590736426413059,0,53
-0.6771233677864075,-0.19335121987387538,1,53
-0.8210936803370714,0.14441296365112066,1,53
-0.19277182361111045,-0.4794980939477682,1,53
-0.8722802642732859,0.7481751251034439,1,53
0.12401184486225247,0.9861745038069785,1,53
-0.32695178408175707,0.8604044350795448,1,53
0.08128456212580204,0.9730560900643468,0,53
0.8264624439179897,0.3166853324510157,1,53
-0.22623848170042038,-0.39522930094972253,1,54
0.9205343280918896,0.7348403637297451,1,54
-0.23062681732699275,0.3425191221758723,1,54
0.8832039586268365,-0.02160075819119811,1,54
0.36127131432294846,0.2571678198873997,1,54
0.8052847073413432,0.38132014172151685,1,54
-0.49240586860105395,0.3445829707197845,1,54
-0.1878057410940528,0.7642354988493025,1,54
-0.9715027729980648,0.37547639617696404,0,54
-0.7791044116020203,0.9997269185259938,1,54
0.003075583837926388,-0.4989273468963802,0,54
-0.2569467038847506,-0.04306689416989684,0,55
0.6118311085738242,-0.9697986035607755,1,55
-0.9841543128713965,-0.4959604348987341,1,55
0.673024118412286,-0.3466837187297642,0,55
-0.2463216413743794,0.34426402440294623,1,55
-0.2295029335655272,0.49688260769471526,0,55
0.9030611510388553,-0.31512899277731776,0,55
-0.04865152109414339,-0.439480344299227,0,55
0.10418758867308497,0.4747562278062105,1,55
0.8694326500408351,0.25393879134207964,1,55
0.72687251213938,0.267083412501961,0,55
-0.48017103131860495,-0.5680370177142322,1,56
0.37539966916665435,0.8118820586241782,0,56
-0.104185507632792,0.17249187920242548,1,56
-0.5639674481935799,-0.6628322824835777,1,56
0.3724736301228404,0.36639538360759616,1,56
0.9187640505842865,-0.7720186742953956,0,56
-0.4811910381540656,0.05577008333057165,1,56
-0.06248001614585519,0.8830192065797746,0,56
-0.35732088470831513,-0.7021071119233966,0,56
-0.670714370906353,0.1782430475577712,1,56
0.42945545073598623,0.7565528992563486,1,56
0.05633150273934007,-0.6436855867505074,1,56
-0.5305706397630274,-0.05833290470764041,1,56
-0.8711366769857705,-0.7170753013342619,0,56
0.3515269923955202,-0.8012347728945315,0,56
0.6122907237149775,-0.41929709166288376,1,56
-0.7690575295127928,-0.5090480032376945,1,56
0.38402884267270565,0.4451186480000615,1,56
-0.9564275429584086,0.07254910795018077,1,56
-0.27724658278748393,-0.4019976546987891,0,57
0.4645600998774171,-0.6005991799756885,0,57
-0.37475391617044806,0.8203541273251176,0,57
-0.105693893507123,-0.9340575905516744,0,57
0.6508781360462308,0.19264885038137436,1,58
-0.3364090695977211,-0.6981899822130799,1,58
-0.7119496655650437,0.15529652638360858,0,58
-0.39815849578008056,-0.09104669373482466,1,58
-0.6747964061796665,-0.01238245191052556,1,58
0.6789431567303836,0.052414240781217813,0,58
0.3286149543710053,-0.23397422023117542,0,59
-0.7222653888165951,0.8577957921661437,0,59
-0.34823637222871184,-0.13316429778933525,1,59
0.6628604377619922,-0.5104750441387296,0,59
0.6450782087631524,0.7525145430117846,1,59
-0.7012001592665911,-0.6346801645122468,0,59
-0.15744062094017863,-0.8193524912931025,0,59
-0.10963469697162509,-0.5216802605427802,1,59
0.7678547515533864,0.72286097984761,1,59
-0.17000534664839506,0.6651110150851309,0,59
0.37978432374075055,-0.2741747088730335,1,59
0.4338417542167008,-0.6241857288405299,1,59
-0.9752416601404548,0.5374919348396361,1,59
-0.9243411030620337,-0.11842310521751642,0,59
-0.8182451715692878,-0.04658152302727103,1,59
-0.20235206512734294,0.9613139200955629,1,59
0.8004291518591344,-0.8216371261514723,0,59
-0.11019474314525723,-0.8052290165796876,0,59
0.5103061841800809,0.27133751986548305,1,59
0.42294047912582755,-0.6029220218770206,1,59
-0.6664872993715107,-0.4767896975390613,0,59
0.7382847783155739,-0.3624753328040242,0,59
-0.8216309291310608,0.7391533930785954,0,60
-0.6739726732484996,-0.8958228314295411,1,60
0.6987073766067624,-0.5921782925724983,1,60
0.2562606823630631,0.14451716654002666,0,60
-0.5830800980329514,-0.9261885089799762,1,60
0.345721653662622,-0.963815473485738,1,60
0.9284113817848265,-0.6069005550816655,1,60
0.7634777040220797,-0.3180450168438256,0,60
0.923529373947531,-0.432693415787071,0,60
-0.07061362871900201,-0.6273318631574512,0,60
-0.8542452855035663,-0.5911565735004842,1,60
0.7486175070516765,-0.5362939657643437,0,60
-0.6022543874569237,-0.18779632076621056,1,60
0.06917951721698046,0.7343390230089426,0,60
-0.7888756180182099,-0.4483747584745288,0,60
